train_label,train_precision,train_recall,train_f1-score,train_support,valid_precision,valid_recall,valid_f1-score,valid_support,test_precision,test_recall,test_f1-score,test_support
0.0,0.4273381294964029,0.33521444695259595,0.37571157495256163,886,0.5454545454545454,0.3559322033898305,0.4307692307692308,118,0.43023255813953487,0.3333333333333333,0.37563451776649737,111
1.0,0.0603448275862069,0.025925925925925925,0.03626943005181347,270,0.15384615384615385,0.06666666666666667,0.09302325581395349,30,0.0,0.0,0.0,52
2.0,0.025380710659898477,0.07692307692307693,0.03816793893129771,130,0.0,0.0,0.0,0,0.0,0.0,0.0,0
3.0,0.03406593406593406,0.09967845659163987,0.05077805077805078,311,0.0,0.0,0.0,0,0.0,0.0,0.0,0
4.0,0.7036541889483066,0.4800851322590453,0.5707572745346104,3289,0.82,0.4680365296803653,0.5959302325581395,438,0.8303249097472925,0.4713114754098361,0.6013071895424836,488
5.0,0.03,0.07643312101910828,0.04308797127468582,157,0.0,0.0,0.0,0,0.0,0.0,0.0,0
6.0,0.05058365758754864,0.11304347826086956,0.06989247311827958,230,0.0,0.0,0.0,0,0.0,0.0,0.0,0
macro avg,0.19019534976347105,0.17247194827603743,0.16923781623447137,5273,0.21704295704295704,0.1272336285338375,0.15996038844876054,586,0.1800796382695468,0.11494925839188135,0.13956310104414013,651
weighted avg,0.5195280775191538,0.37208420254124785,0.42925995896580044,5273,0.7306126637867252,0.4249146757679181,0.5369264654703976,586,0.6957824422583212,0.41013824884792627,0.514797757248561,651
0.0,0.14820143884892087,0.329073482428115,0.20436507936507936,313,0.0,0.0,0.0,3,0.011627906976744186,0.5,0.022727272727272724,2
1.0,0.0603448275862069,0.02491103202846975,0.03526448362720403,281,0.0,0.0,0.0,8,0.0,0.0,0.0,23
2.0,0.0,0.0,0.0,1,0.0,0.0,0.0,0,0.0,0.0,0.0,0
3.0,0.0,0.0,0.0,0,0.0,0.0,0.0,0,0.0,0.0,0.0,0
4.0,0.9077540106951871,0.44196137990887396,0.5944841675178754,4609,0.956,0.42908438061041293,0.5923172242874845,557,0.9566787003610109,0.4372937293729373,0.6002265005662514,606
5.0,0.0375,0.21739130434782608,0.06396588486140725,69,0.09090909090909091,0.2222222222222222,0.1290322580645161,18,0.10204081632653061,0.25,0.14492753623188406,20
6.0,0.0,0.0,0.0,0,0.0,0.0,0.0,0,0.0,0.0,0.0,0
macro avg,0.16482861101861643,0.1447624569590407,0.1282970879102237,5273,0.14955844155844153,0.09304380040466216,0.1030499260502858,586,0.1529067748091837,0.1696133899104196,0.10969732993220116,651
weighted avg,0.8059491147744269,0.41001327517542197,0.5344712239495237,5273,0.9114818492088116,0.41467576791808874,0.5669680453469115,586,0.8937194540080748,0.4162826420890937,0.5632584709880807,651
0.0,0.0,0.0,0.0,5,0.0,0.0,0.0,0,0.0,0.0,0.0,0
1.0,0.008620689655172414,0.01282051282051282,0.010309278350515464,78,0.0,0.0,0.0,0,0.0,0.0,0.0,0
2.0,0.0,0.0,0.0,0,0.0,0.0,0.0,0,0.0,0.0,0.0,0
3.0,0.0,0.0,0.0,0,0.0,0.0,0.0,0,0.0,0.0,0.0,0
4.0,0.9714795008912656,0.4283749263116526,0.5945724805672985,5089,1.0,0.4280821917808219,0.5995203836930455,584,0.9963898916967509,0.42790697674418604,0.5986984815618221,645
5.0,0.065,0.25742574257425743,0.10379241516966069,101,0.0,0.0,0.0,2,0.02040816326530612,0.16666666666666666,0.03636363636363636,6
6.0,0.0,0.0,0.0,0,0.0,0.0,0.0,0,0.0,0.0,0.0,0
macro avg,0.1493000272209197,0.09980302595806041,0.10123916772678208,5273,0.14285714285714285,0.0611545988258317,0.0856457690990065,586,0.14525686499457957,0.08493909191583611,0.09072315970363694,651
weighted avg,0.9389525116307138,0.4185473165181111,0.5759655815001817,5273,0.9965870307167235,0.42662116040955633,0.597474239038803,586,0.9873946683932352,0.4254992319508449,0.5935156719286592,651
0.0,0.0,0.0,0.0,0,0.0,0.0,0.0,0,0.0,0.0,0.0,0
1.0,0.0,0.0,0.0,0,0.0,0.0,0.0,0,0.0,0.0,0.0,0
2.0,0.0,0.0,0.0,0,0.0,0.0,0.0,0,0.0,0.0,0.0,0
3.0,0.0,0.0,0.0,0,0.0,0.0,0.0,0,0.0,0.0,0.0,0
4.0,0.9977718360071302,0.4255844896407527,0.5966688874083943,5261,1.0,0.42662116040955633,0.5980861244019139,586,1.0,0.4254992319508449,0.5969827586206897,651
5.0,0.005,0.16666666666666666,0.009708737864077669,12,0.0,0.0,0.0,0,0.0,0.0,0.0,0
6.0,0.0,0.0,0.0,0,0.0,0.0,0.0,0,0.0,0.0,0.0,0
macro avg,0.14325311942959001,0.08460730804391704,0.08662537503892456,5273,0.14285714285714285,0.060945880058508047,0.08544087491455912,586,0.14285714285714285,0.06078560456440641,0.08528325123152711,651
weighted avg,0.9955125411025056,0.4249952588659207,0.5953331161596683,5273,1.0,0.42662116040955633,0.5980861244019139,586,1.0,0.4254992319508449,0.5969827586206897,651
0.0,0.0,0.0,0.0,0,0.0,0.0,0.0,0,0.0,0.0,0.0,0
1.0,0.0,0.0,0.0,0,0.0,0.0,0.0,0,0.0,0.0,0.0,0
2.0,0.0,0.0,0.0,0,0.0,0.0,0.0,0,0.0,0.0,0.0,0
3.0,0.0,0.0,0.0,0,0.0,0.0,0.0,0,0.0,0.0,0.0,0
4.0,1.0,0.42556419495543335,0.5970466941599042,5273,1.0,0.42662116040955633,0.5980861244019139,586,1.0,0.4254992319508449,0.5969827586206897,651
5.0,0.0,0.0,0.0,0,0.0,0.0,0.0,0,0.0,0.0,0.0,0
6.0,0.0,0.0,0.0,0,0.0,0.0,0.0,0,0.0,0.0,0.0,0
macro avg,0.14285714285714285,0.060794884993633336,0.08529238487998632,5273,0.14285714285714285,0.060945880058508047,0.08544087491455912,586,0.14285714285714285,0.06078560456440641,0.08528325123152711,651
weighted avg,1.0,0.42556419495543335,0.5970466941599042,5273,1.0,0.42662116040955633,0.5980861244019139,586,1.0,0.4254992319508449,0.5969827586206897,651
0.0,0.0,0.0,0.0,0,0.0,0.0,0.0,0,0.0,0.0,0.0,0
1.0,0.0,0.0,0.0,0,0.0,0.0,0.0,0,0.0,0.0,0.0,0
2.0,0.0,0.0,0.0,0,0.0,0.0,0.0,0,0.0,0.0,0.0,0
3.0,0.0,0.0,0.0,0,0.0,0.0,0.0,0,0.0,0.0,0.0,0
4.0,1.0,0.42556419495543335,0.5970466941599042,5273,1.0,0.42662116040955633,0.5980861244019139,586,1.0,0.4254992319508449,0.5969827586206897,651
5.0,0.0,0.0,0.0,0,0.0,0.0,0.0,0,0.0,0.0,0.0,0
6.0,0.0,0.0,0.0,0,0.0,0.0,0.0,0,0.0,0.0,0.0,0
macro avg,0.14285714285714285,0.060794884993633336,0.08529238487998632,5273,0.14285714285714285,0.060945880058508047,0.08544087491455912,586,0.14285714285714285,0.06078560456440641,0.08528325123152711,651
weighted avg,1.0,0.42556419495543335,0.5970466941599042,5273,1.0,0.42662116040955633,0.5980861244019139,586,1.0,0.4254992319508449,0.5969827586206897,651
0.0,0.0,0.0,0.0,0,0.0,0.0,0.0,0,0.0,0.0,0.0,0
1.0,0.0,0.0,0.0,0,0.0,0.0,0.0,0,0.0,0.0,0.0,0
2.0,0.0,0.0,0.0,0,0.0,0.0,0.0,0,0.0,0.0,0.0,0
3.0,0.0,0.0,0.0,0,0.0,0.0,0.0,0,0.0,0.0,0.0,0
4.0,1.0,0.42556419495543335,0.5970466941599042,5273,1.0,0.42662116040955633,0.5980861244019139,586,1.0,0.4254992319508449,0.5969827586206897,651
5.0,0.0,0.0,0.0,0,0.0,0.0,0.0,0,0.0,0.0,0.0,0
6.0,0.0,0.0,0.0,0,0.0,0.0,0.0,0,0.0,0.0,0.0,0
macro avg,0.14285714285714285,0.060794884993633336,0.08529238487998632,5273,0.14285714285714285,0.060945880058508047,0.08544087491455912,586,0.14285714285714285,0.06078560456440641,0.08528325123152711,651
weighted avg,1.0,0.42556419495543335,0.5970466941599042,5273,1.0,0.42662116040955633,0.5980861244019139,586,1.0,0.4254992319508449,0.5969827586206897,651
0.0,0.0,0.0,0.0,0,0.0,0.0,0.0,0,0.0,0.0,0.0,0
1.0,0.0,0.0,0.0,0,0.0,0.0,0.0,0,0.0,0.0,0.0,0
2.0,0.0,0.0,0.0,0,0.0,0.0,0.0,0,0.0,0.0,0.0,0
3.0,0.0,0.0,0.0,0,0.0,0.0,0.0,0,0.0,0.0,0.0,0
4.0,1.0,0.42556419495543335,0.5970466941599042,5273,1.0,0.42662116040955633,0.5980861244019139,586,1.0,0.4254992319508449,0.5969827586206897,651
5.0,0.0,0.0,0.0,0,0.0,0.0,0.0,0,0.0,0.0,0.0,0
6.0,0.0,0.0,0.0,0,0.0,0.0,0.0,0,0.0,0.0,0.0,0
macro avg,0.14285714285714285,0.060794884993633336,0.08529238487998632,5273,0.14285714285714285,0.060945880058508047,0.08544087491455912,586,0.14285714285714285,0.06078560456440641,0.08528325123152711,651
weighted avg,1.0,0.42556419495543335,0.5970466941599042,5273,1.0,0.42662116040955633,0.5980861244019139,586,1.0,0.4254992319508449,0.5969827586206897,651
0.0,0.0,0.0,0.0,0,0.0,0.0,0.0,0,0.0,0.0,0.0,0
1.0,0.0,0.0,0.0,0,0.0,0.0,0.0,0,0.0,0.0,0.0,0
2.0,0.0,0.0,0.0,0,0.0,0.0,0.0,0,0.0,0.0,0.0,0
3.0,0.0,0.0,0.0,0,0.0,0.0,0.0,0,0.0,0.0,0.0,0
4.0,1.0,0.42556419495543335,0.5970466941599042,5273,1.0,0.42662116040955633,0.5980861244019139,586,1.0,0.4254992319508449,0.5969827586206897,651
5.0,0.0,0.0,0.0,0,0.0,0.0,0.0,0,0.0,0.0,0.0,0
6.0,0.0,0.0,0.0,0,0.0,0.0,0.0,0,0.0,0.0,0.0,0
macro avg,0.14285714285714285,0.060794884993633336,0.08529238487998632,5273,0.14285714285714285,0.060945880058508047,0.08544087491455912,586,0.14285714285714285,0.06078560456440641,0.08528325123152711,651
weighted avg,1.0,0.42556419495543335,0.5970466941599042,5273,1.0,0.42662116040955633,0.5980861244019139,586,1.0,0.4254992319508449,0.5969827586206897,651
0.0,0.004316546762589928,0.2,0.008450704225352112,15,0.0,0.0,0.0,3,0.0,0.0,0.0,4
1.0,0.0,0.0,0.0,0,0.0,0.0,0.0,0,0.0,0.0,0.0,0
2.0,0.0,0.0,0.0,0,0.0,0.0,0.0,0,0.0,0.0,0.0,0
3.0,0.0,0.0,0.0,0,0.0,0.0,0.0,0,0.0,0.0,0.0,0
4.0,0.9977718360071302,0.42582731076454927,0.5969074913356438,5258,0.992,0.42538593481989706,0.5954381752701081,583,1.0,0.4281298299845441,0.5995670995670996,647
5.0,0.0,0.0,0.0,0,0.0,0.0,0.0,0,0.0,0.0,0.0,0
6.0,0.0,0.0,0.0,0,0.0,0.0,0.0,0,0.0,0.0,0.0,0
macro avg,0.14315548325281716,0.08940390153779276,0.08647974222299941,5273,0.1417142857142857,0.060769419259985295,0.0850625964671583,586,0.14285714285714285,0.0611614042835063,0.08565244279529995,651
weighted avg,0.9949457731702882,0.4251849042290916,0.5952335198191154,5273,0.9869215017064846,0.4232081911262799,0.5923898569666776,586,0.9938556067588326,0.4254992319508449,0.5958831235328932,651
0.0,0.012949640287769784,0.225,0.024489795918367346,40,0.025974025974025976,0.14285714285714285,0.04395604395604396,14,0.03488372093023256,0.2727272727272727,0.06185567010309278,11
1.0,0.0,0.0,0.0,0,0.0,0.0,0.0,0,0.0,0.0,0.0,0
2.0,0.0,0.0,0.0,0,0.0,0.0,0.0,0,0.0,0.0,0.0,0
3.0,0.0,0.0,0.0,0,0.0,0.0,0.0,0,0.0,0.0,0.0,0
4.0,0.9946524064171123,0.42652398241926237,0.5970308947438813,5233,0.984,0.43006993006993005,0.5985401459854015,572,0.9927797833935018,0.4296875,0.5997818974918212,640
5.0,0.0,0.0,0.0,0,0.0,0.0,0.0,0,0.0,0.0,0.0,0
6.0,0.0,0.0,0.0,0,0.0,0.0,0.0,0,0.0,0.0,0.0,0
macro avg,0.14394314952926887,0.09307485463132319,0.08878867009460693,5273,0.14428200371057515,0.08184672470386756,0.09178516999163507,586,0.14680907204624777,0.10034496753246754,0.09451965251355914,651
weighted avg,0.9872053913127744,0.4249952588659207,0.5926877041592007,5273,0.9611120074464784,0.4232081911262799,0.585290696448864,586,0.9765941356406663,0.4270353302611367,0.5906925142333328,651
0.0,0.03884892086330935,0.2523364485981308,0.06733167082294264,107,0.09090909090909091,0.2916666666666667,0.13861386138613863,24,0.03488372093023256,0.15789473684210525,0.05714285714285714,19
1.0,0.0,0.0,0.0,0,0.0,0.0,0.0,0,0.0,0.0,0.0,0
2.0,0.0,0.0,0.0,0,0.0,0.0,0.0,0,0.0,0.0,0.0,0
3.0,0.0,0.0,0.0,0,0.0,0.0,0.0,0,0.0,0.0,0.0,0
4.0,0.9884135472370766,0.42934572202864885,0.5986504723346829,5166,0.98,0.4359430604982206,0.603448275862069,562,0.9819494584837545,0.43037974683544306,0.5984598459845984,632
5.0,0.0,0.0,0.0,0,0.0,0.0,0.0,0,0.0,0.0,0.0,0
6.0,0.0,0.0,0.0,0,0.0,0.0,0.0,0,0.0,0.0,0.0,0
macro avg,0.14675178115719797,0.09738316723239711,0.09514030616537508,5273,0.15298701298701298,0.10394424673784106,0.10600887674974394,586,0.14526188277342672,0.08403921195393547,0.09365752901820794,651
weighted avg,0.9691449306958301,0.4257538403186042,0.587868922597957,5273,0.9435867204467886,0.4300341296928328,0.5844106889210752,586,0.95430852297912,0.42242703533026116,0.582661039858649,651
0.0,0.07050359712230216,0.2752808988764045,0.11225658648339061,178,0.09090909090909091,0.2916666666666667,0.13861386138613863,24,0.03488372093023256,0.15789473684210525,0.05714285714285714,19
1.0,0.0,0.0,0.0,0,0.0,0.0,0.0,0,0.0,0.0,0.0,0
2.0,0.0,0.0,0.0,0,0.0,0.0,0.0,0,0.0,0.0,0.0,0
3.0,0.0,0.0,0.0,0,0.0,0.0,0.0,0,0.0,0.0,0.0,0
4.0,0.9772727272727273,0.4304219823356232,0.597629104782668,5095,0.98,0.4359430604982206,0.603448275862069,562,0.9819494584837545,0.43037974683544306,0.5984598459845984,632
5.0,0.0,0.0,0.0,0,0.0,0.0,0.0,0,0.0,0.0,0.0,0
6.0,0.0,0.0,0.0,0,0.0,0.0,0.0,0,0.0,0.0,0.0,0
macro avg,0.1496823320564328,0.10081469731600394,0.10141224160943695,5273,0.15298701298701298,0.10394424673784106,0.10600887674974394,586,0.14526188277342672,0.08403921195393547,0.09365752901820794,651
weighted avg,0.9466630354148143,0.4251849042290916,0.5812444455265953,5273,0.9435867204467886,0.4300341296928328,0.5844106889210752,586,0.95430852297912,0.42242703533026116,0.582661039858649,651
0.0,0.08776978417266187,0.24015748031496062,0.12855637513171758,254,0.2077922077922078,0.3076923076923077,0.248062015503876,52,0.06976744186046512,0.15384615384615385,0.096,39
1.0,0.0,0.0,0.0,0,0.0,0.0,0.0,0,0.0,0.0,0.0,0
2.0,0.0,0.0,0.0,0,0.0,0.0,0.0,0,0.0,0.0,0.0,0
3.0,0.0,0.0,0.0,0,0.0,0.0,0.0,0,0.0,0.0,0.0,0
4.0,0.966131907308378,0.43195855748157,0.5969984854743219,5019,0.94,0.4400749063670412,0.5994897959183674,534,0.9638989169675091,0.4362745098039216,0.6006749156355455,612
5.0,0.0,0.0,0.0,0,0.0,0.0,0.0,0,0.0,0.0,0.0,0
6.0,0.0,0.0,0.0,0,0.0,0.0,0.0,0,0.0,0.0,0.0,0
macro avg,0.1505573844972914,0.09601657682807581,0.10365069437229135,5273,0.16397031539888682,0.10682388772276415,0.12107883020317763,586,0.1476666226897106,0.08430295195001078,0.09952498794793507,651
weighted avg,0.9238212721336251,0.42271951450787026,0.5744336654426471,5273,0.8750259297016977,0.4283276450511945,0.5683050782024057,586,0.9103334368919718,0.41935483870967744,0.570440934514522,651
0.0,0.13381294964028778,0.26878612716763006,0.1786743515850144,346,0.2857142857142857,0.34375,0.3120567375886525,64,0.10465116279069768,0.1875,0.13432835820895522,48
1.0,0.0,0.0,0.0,0,0.0,0.0,0.0,0,0.0,0.0,0.0,0
2.0,0.0,0.0,0.0,0,0.0,0.0,0.0,0,0.0,0.0,0.0,0
3.0,0.0,0.0,0.0,0,0.0,0.0,0.0,0,0.0,0.0,0.0,0
4.0,0.9549910873440285,0.4349502740004059,0.5976851206247384,4927,0.924,0.4425287356321839,0.5984455958549223,522,0.9494584837545126,0.4361525704809287,0.5977272727272727,603
5.0,0.0,0.0,0.0,0,0.0,0.0,0.0,0,0.0,0.0,0.0,0
6.0,0.0,0.0,0.0,0,0.0,0.0,0.0,0,0.0,0.0,0.0,0
macro avg,0.1555434338549023,0.10053377159543372,0.11090849602996469,5273,0.17281632653061224,0.11232553366174056,0.13007176192051068,586,0.15058709236360146,0.08909322435441838,0.10457937584803255,651
weighted avg,0.901107598695158,0.4240470320500664,0.5701907671091412,5273,0.854289614822038,0.431740614334471,0.5671676318121898,586,0.8871685430382865,0.41781874039938555,0.5635596108273045,651
0.0,0.1539568345323741,0.2681704260651629,0.1956124314442413,399,0.2987012987012987,0.3382352941176471,0.3172413793103448,68,0.11627906976744186,0.18181818181818182,0.14184397163120568,55
1.0,0.0,0.0,0.0,0,0.0,0.0,0.0,0,0.0,0.0,0.0,0
2.0,0.0,0.0,0.0,0,0.0,0.0,0.0,0,0.0,0.0,0.0,0
3.0,0.0,0.0,0.0,0,0.0,0.0,0.0,0,0.0,0.0,0.0,0
4.0,0.9478609625668449,0.4363972096840378,0.59763978645687,4874,0.92,0.444015444015444,0.5989583333333334,518,0.9494584837545126,0.4412751677852349,0.6025200458190149,596
5.0,0.0,0.0,0.0,0,0.0,0.0,0.0,0,0.0,0.0,0.0,0
6.0,0.0,0.0,0.0,0,0.0,0.0,0.0,0,0.0,0.0,0.0,0
macro avg,0.1574025424427456,0.10065251939274296,0.11332174541444448,5273,0.17410018552875695,0.11175010544758444,0.13088567323481118,586,0.15224822193170778,0.08901333565763096,0.10633771677860293,651
weighted avg,0.8877874281299486,0.42366774132372464,0.5672189795822181,5273,0.8479039049687515,0.431740614334471,0.5662676287709388,586,0.8790669818047601,0.41935483870967744,0.563599640165667,651
0.0,0.2316546762589928,0.2965009208103131,0.26009693053311794,543,0.4025974025974026,0.3333333333333333,0.3647058823529412,93,0.26744186046511625,0.2804878048780488,0.2738095238095238,82
1.0,0.0,0.0,0.0,0,0.0,0.0,0.0,0,0.0,0.0,0.0,0
2.0,0.0,0.0,0.0,0,0.0,0.0,0.0,0,0.0,0.0,0.0,0
3.0,0.0,0.0,0.0,0,0.0,0.0,0.0,0,0.0,0.0,0.0,0
4.0,0.9322638146167558,0.4422832980972516,0.599942644106682,4730,0.892,0.45233265720081134,0.6002691790040376,493,0.927797833935018,0.45166959578207383,0.607565011820331,569
5.0,0.0,0.0,0.0,0,0.0,0.0,0.0,0,0.0,0.0,0.0,0
6.0,0.0,0.0,0.0,0,0.0,0.0,0.0,0,0.0,0.0,0.0,0
macro avg,0.16627407012510692,0.10554060270108066,0.12286279637711428,5273,0.18494248608534322,0.11223799864773495,0.13785358019385413,586,0.17074852777144775,0.10459391438001751,0.12591064794712212,651
weighted avg,0.86011688457157,0.42727100322397116,0.5649462051780939,5273,0.814330304507779,0.4334470989761092,0.5628845602522424,586,0.8446193549418816,0.43010752688172044,0.5655251500432401,651
0.0,0.2589928057553957,0.29654036243822074,0.27649769585253453,607,0.4025974025974026,0.3229166666666667,0.3583815028901734,96,0.27906976744186046,0.2857142857142857,0.2823529411764706,84
1.0,0.0,0.0,0.0,0,0.0,0.0,0.0,0,0.0,0.0,0.0,0
2.0,0.0,0.0,0.0,0,0.0,0.0,0.0,0,0.0,0.0,0.0,0
3.0,0.0,0.0,0.0,0,0.0,0.0,0.0,0,0.0,0.0,0.0,0
4.0,0.9251336898395722,0.44492070295756536,0.6008683068017366,4666,0.892,0.45510204081632655,0.6027027027027027,490,0.924187725631769,0.4514991181657848,0.6066350710900473,567
5.0,0.0,0.0,0.0,0,0.0,0.0,0.0,0,0.0,0.0,0.0,0
6.0,0.0,0.0,0.0,0,0.0,0.0,0.0,0,0.0,0.0,0.0,0
macro avg,0.16916092794213827,0.10592300934225515,0.12533800037918158,5273,0.18494248608534322,0.11114552964042759,0.13729774365612515,586,0.17189392758194708,0.10531620055429579,0.1269982874666454,651
weighted avg,0.8484510581993114,0.4278399393134838,0.5635284697362776,5273,0.8118248304596427,0.4334470989761092,0.562677386692459,586,0.8409466987685551,0.43010752688172044,0.5647922156173277,651
0.0,0.33093525179856115,0.32716927453769556,0.3290414878397711,703,0.4025974025974026,0.3229166666666667,0.3583815028901734,96,0.27906976744186046,0.2857142857142857,0.2823529411764706,84
1.0,0.0,0.0,0.0,0,0.0,0.0,0.0,0,0.0,0.0,0.0,0
2.0,0.0,0.0,0.0,0,0.0,0.0,0.0,0,0.0,0.0,0.0,0
3.0,0.0,0.0,0.0,0,0.0,0.0,0.0,0,0.0,0.0,0.0,0
4.0,0.9162210338680927,0.449890590809628,0.6034634575873202,4570,0.892,0.45510204081632655,0.6027027027027027,490,0.924187725631769,0.4514991181657848,0.6066350710900473,567
5.0,0.0,0.0,0.0,0,0.0,0.0,0.0,0,0.0,0.0,0.0,0
6.0,0.0,0.0,0.0,0,0.0,0.0,0.0,0,0.0,0.0,0.0,0
macro avg,0.17816518366666484,0.11100855219247478,0.13321499220387018,5273,0.18494248608534322,0.11114552964042759,0.13729774365612515,586,0.17189392758194708,0.10531620055429579,0.1269982874666454,651
weighted avg,0.8381903293744685,0.4335293002086099,0.5668773311445879,5273,0.8118248304596427,0.4334470989761092,0.562677386692459,586,0.8409466987685551,0.43010752688172044,0.5647922156173277,651
0.0,0.32805755395683456,0.31622746185852985,0.32203389830508483,721,0.4025974025974026,0.3229166666666667,0.3583815028901734,96,0.27906976744186046,0.2857142857142857,0.2823529411764706,84
1.0,0.0,0.0,0.0,0,0.0,0.0,0.0,0,0.0,0.0,0.0,0
2.0,0.0,0.0,0.0,0,0.0,0.0,0.0,0,0.0,0.0,0.0,0
3.0,0.0,0.0,0.0,0,0.0,0.0,0.0,0,0.0,0.0,0.0,0
4.0,0.9148841354723708,0.4510105448154657,0.6041789287816363,4552,0.892,0.45510204081632655,0.6027027027027027,490,0.924187725631769,0.4514991181657848,0.6066350710900473,567
5.0,0.0,0.0,0.0,0,0.0,0.0,0.0,0,0.0,0.0,0.0,0
6.0,0.0,0.0,0.0,0,0.0,0.0,0.0,0,0.0,0.0,0.0,0
macro avg,0.17756309848988647,0.10960542952485651,0.13231611815524588,5273,0.18494248608534322,0.11114552964042759,0.13729774365612515,586,0.17189392758194708,0.10531620055429579,0.1269982874666454,651
weighted avg,0.8346448096099204,0.43258107339275553,0.5656000236093257,5273,0.8118248304596427,0.4334470989761092,0.562677386692459,586,0.8409466987685551,0.43010752688172044,0.5647922156173277,651
0.0,0.36546762589928056,0.3248081841432225,0.34394041976980366,782,0.5064935064935064,0.35454545454545455,0.4171122994652406,110,0.37209302325581395,0.32,0.3440860215053763,100
1.0,0.0,0.0,0.0,0,0.0,0.0,0.0,0,0.0,0.0,0.0,0
2.0,0.0,0.0,0.0,0,0.0,0.0,0.0,0,0.0,0.0,0.0,0
3.0,0.0,0.0,0.0,0,0.0,0.0,0.0,0,0.0,0.0,0.0,0
4.0,0.9046345811051694,0.4520151413938989,0.6028210838901262,4491,0.884,0.4642857142857143,0.6088154269972451,476,0.9061371841155235,0.455535390199637,0.606280193236715,551
5.0,0.0,0.0,0.0,0,0.0,0.0,0.0,0,0.0,0.0,0.0,0
6.0,0.0,0.0,0.0,0,0.0,0.0,0.0,0,0.0,0.0,0.0,0
macro avg,0.18144317242920713,0.11097476079101734,0.13525164337999,5273,0.19864192949907236,0.11697588126159555,0.1465611037803551,586,0.18260431533876248,0.11079077002851957,0.13576660210601305,651
weighted avg,0.8246746799159024,0.4331500094822682,0.5644283891542847,5273,0.8131370063383715,0.44368600682593856,0.5728301982796333,586,0.8241027508037401,0.434715821812596,0.5660045908202267,651
0.0,0.40575539568345326,0.33254716981132076,0.3655217109526896,848,0.5194805194805194,0.3389830508474576,0.4102564102564102,118,0.3953488372093023,0.30357142857142855,0.3434343434343434,112
1.0,0.0,0.0,0.0,0,0.0,0.0,0.0,0,0.0,0.0,0.0,0
2.0,0.0,0.0,0.0,0,0.0,0.0,0.0,0,0.0,0.0,0.0,0
3.0,0.0,0.0,0.0,0,0.0,0.0,0.0,0,0.0,0.0,0.0,0
4.0,0.9019607843137255,0.45740112994350285,0.6069875543559754,4425,0.872,0.4658119658119658,0.607242339832869,468,0.8880866425992779,0.45640074211502785,0.6029411764705883,539
5.0,0.0,0.0,0.0,0,0.0,0.0,0.0,0,0.0,0.0,0.0,0
6.0,0.0,0.0,0.0,0,0.0,0.0,0.0,0,0.0,0.0,0.0,0
macro avg,0.1868165971424541,0.11284975710783195,0.138929895044095,5273,0.19878293135435993,0.11497071666563193,0.14535696429846845,586,0.18334792568694006,0.10856745295520806,0.1351965028435617,651
weighted avg,0.8221613969519825,0.4373222074720273,0.5681551941803663,5273,0.8010148486325961,0.4402730375426621,0.5675762311468244,586,0.8033145470483144,0.43010752688172044,0.5582948396041376,651
0.0,0.42158273381294964,0.3344748858447489,0.37301082113303635,876,0.5584415584415584,0.33076923076923076,0.4154589371980676,130,0.45348837209302323,0.31451612903225806,0.37142857142857144,124
1.0,0.0,0.0,0.0,0,0.0,0.0,0.0,0,0.0,0.0,0.0,0
2.0,0.0,0.0,0.0,0,0.0,0.0,0.0,0,0.0,0.0,0.0,0
3.0,0.0,0.0,0.0,0,0.0,0.0,0.0,0,0.0,0.0,0.0,0
4.0,0.8983957219251337,0.45849442801910395,0.6071374792952868,4397,0.848,0.4649122807017544,0.6005665722379604,456,0.8772563176895307,0.46110056925996207,0.6044776119402985,527
5.0,0.0,0.0,0.0,0,0.0,0.0,0.0,0,0.0,0.0,0.0,0
6.0,0.0,0.0,0.0,0,0.0,0.0,0.0,0,0.0,0.0,0.0,0
macro avg,0.1885683508197262,0.11328133055197898,0.14002118577547473,5273,0.20092022263450834,0.11366878735299789,0.145146501348004,586,0.19010638425465057,0.11080238547031716,0.13941516905269571,651
weighted avg,0.8191830957946059,0.4378911435615399,0.5682421725344048,5273,0.7837634856610965,0.4351535836177474,0.5595017385260388,586,0.7965386137663865,0.43317972350230416,0.5600873185094933,651
0.0,0.4028776978417266,0.32825322391559203,0.36175710594315247,853,0.5584415584415584,0.33076923076923076,0.4154589371980676,130,0.45348837209302323,0.31451612903225806,0.37142857142857144,124
1.0,0.0,0.0,0.0,0,0.0,0.0,0.0,0,0.0,0.0,0.0,0
2.0,0.0,0.0,0.0,0,0.0,0.0,0.0,0,0.0,0.0,0.0,0
3.0,0.0,0.0,0.0,0,0.0,0.0,0.0,0,0.0,0.0,0.0,0
4.0,0.8988413547237076,0.45633484162895926,0.6053421368547419,4420,0.848,0.4649122807017544,0.6005665722379604,456,0.8772563176895307,0.46110056925996207,0.6044776119402985,527
5.0,0.0,0.0,0.0,0,0.0,0.0,0.0,0,0.0,0.0,0.0,0
6.0,0.0,0.0,0.0,0,0.0,0.0,0.0,0,0.0,0.0,0.0,0
macro avg,0.1859598646522049,0.11208400936350733,0.1381570346854135,5273,0.20092022263450834,0.11366878735299789,0.145146501348004,586,0.19010638425465057,0.11080238547031716,0.13941516905269571,651
weighted avg,0.818610556445625,0.43561539920348946,0.5659379966371076,5273,0.7837634856610965,0.4351535836177474,0.5595017385260388,586,0.7965386137663865,0.43317972350230416,0.5600873185094933,651
0.0,0.441726618705036,0.3351528384279476,0.3811297330850404,916,0.5584415584415584,0.33076923076923076,0.4154589371980676,130,0.45348837209302323,0.31451612903225806,0.37142857142857144,124
1.0,0.0,0.0,0.0,0,0.0,0.0,0.0,0,0.0,0.0,0.0,0
2.0,0.0,0.0,0.0,0,0.0,0.0,0.0,0,0.0,0.0,0.0,0
3.0,0.0,0.0,0.0,0,0.0,0.0,0.0,0,0.0,0.0,0.0,0
4.0,0.8939393939393939,0.460408537984852,0.6077866989850023,4357,0.848,0.4649122807017544,0.6005665722379604,456,0.8772563176895307,0.46110056925996207,0.6044776119402985,527
5.0,0.0,0.0,0.0,0,0.0,0.0,0.0,0,0.0,0.0,0.0,0
6.0,0.0,0.0,0.0,0,0.0,0.0,0.0,0,0.0,0.0,0.0,0
macro avg,0.1908094303777757,0.1136516252018285,0.1412737760100061,5273,0.20092022263450834,0.11366878735299789,0.145146501348004,586,0.19010638425465057,0.11080238547031716,0.13941516905269571,651
weighted avg,0.8153831826527125,0.4386497250142234,0.5684129495512141,5273,0.7837634856610965,0.4351535836177474,0.5595017385260388,586,0.7965386137663865,0.43317972350230416,0.5600873185094933,651
0.0,0.46618705035971225,0.3375,0.3915407854984895,960,0.5584415584415584,0.33076923076923076,0.4154589371980676,130,0.45348837209302323,0.31451612903225806,0.37142857142857144,124
1.0,0.0,0.0,0.0,0,0.0,0.0,0.0,0,0.0,0.0,0.0,0
2.0,0.0,0.0,0.0,0,0.0,0.0,0.0,0,0.0,0.0,0.0,0
3.0,0.0,0.0,0.0,0,0.0,0.0,0.0,0,0.0,0.0,0.0,0
4.0,0.8881461675579323,0.46209135172733595,0.6078999542473692,4313,0.848,0.4649122807017544,0.6005665722379604,456,0.8772563176895307,0.46110056925996207,0.6044776119402985,527
5.0,0.0,0.0,0.0,0,0.0,0.0,0.0,0,0.0,0.0,0.0,0
6.0,0.0,0.0,0.0,0,0.0,0.0,0.0,0,0.0,0.0,0.0,0
macro avg,0.19347617398823494,0.11422733596104799,0.14277724853512266,5273,0.20092022263450834,0.11366878735299789,0.145146501348004,586,0.19010638425465057,0.11080238547031716,0.13941516905269571,651
weighted avg,0.8113244811345887,0.4394083064669069,0.5685097016399495,5273,0.7837634856610965,0.4351535836177474,0.5595017385260388,586,0.7965386137663865,0.43317972350230416,0.5600873185094933,651
0.0,0.4618705035971223,0.33195449844881075,0.3862815884476534,967,0.5584415584415584,0.3282442748091603,0.4134615384615385,131,0.45348837209302323,0.3046875,0.36448598130841126,128
1.0,0.0,0.0,0.0,0,0.0,0.0,0.0,0,0.0,0.0,0.0,0
2.0,0.0,0.0,0.0,0,0.0,0.0,0.0,0,0.0,0.0,0.0,0
3.0,0.0,0.0,0.0,0,0.0,0.0,0.0,0,0.0,0.0,0.0,0
4.0,0.8859180035650623,0.46168137482582444,0.6070229007633587,4306,0.848,0.46593406593406594,0.601418439716312,455,0.8700361010830325,0.4608030592734226,0.6025,523
5.0,0.0,0.0,0.0,0,0.0,0.0,0.0,0,0.0,0.0,0.0,0
6.0,0.0,0.0,0.0,0,0.0,0.0,0.0,0,0.0,0.0,0.0,0
macro avg,0.19254121530888352,0.11337655332494788,0.14190064131585886,5273,0.20092022263450834,0.11345404867760375,0.14498285402540723,586,0.18907492473943655,0.10935579418191751,0.1381408544726302,651
weighted avg,0.8081531766223355,0.4378911435615399,0.5665417991116829,5273,0.7832693586277203,0.4351535836177474,0.559400770664477,586,0.7881342434628771,0.43010752688172044,0.5557015447119457,651
0.0,0.46474820143884893,0.3333333333333333,0.38822115384615385,969,0.5584415584415584,0.3282442748091603,0.4134615384615385,131,0.45348837209302323,0.3046875,0.36448598130841126,128
1.0,0.0,0.0,0.0,0,0.0,0.0,0.0,0,0.0,0.0,0.0,0
2.0,0.0,0.0,0.0,0,0.0,0.0,0.0,0,0.0,0.0,0.0,0
3.0,0.0,0.0,0.0,0,0.0,0.0,0.0,0,0.0,0.0,0.0,0
4.0,0.8877005347593583,0.4628252788104089,0.6084300549786194,4304,0.848,0.46593406593406594,0.601418439716312,455,0.8700361010830325,0.4608030592734226,0.6025,523
5.0,0.0,0.0,0.0,0,0.0,0.0,0.0,0,0.0,0.0,0.0,0
6.0,0.0,0.0,0.0,0,0.0,0.0,0.0,0,0.0,0.0,0.0,0
macro avg,0.1932069623140296,0.11373694459196318,0.14237874411782475,5273,0.20092022263450834,0.11345404867760375,0.14498285402540723,586,0.18907492473943655,0.10935579418191751,0.1381408544726302,651
weighted avg,0.8099761253173758,0.43902901574056513,0.567963067457785,5273,0.7832693586277203,0.4351535836177474,0.559400770664477,586,0.7881342434628771,0.43010752688172044,0.5557015447119457,651
0.0,0.46906474820143884,0.33299284984678246,0.3894862604540024,979,0.5584415584415584,0.3282442748091603,0.4134615384615385,131,0.45348837209302323,0.3046875,0.36448598130841126,128
1.0,0.0,0.0,0.0,0,0.0,0.0,0.0,0,0.0,0.0,0.0,0
2.0,0.0,0.0,0.0,0,0.0,0.0,0.0,0,0.0,0.0,0.0,0
3.0,0.0,0.0,0.0,0,0.0,0.0,0.0,0,0.0,0.0,0.0,0
4.0,0.8859180035650623,0.46297158826269214,0.60813704496788,4294,0.848,0.46593406593406594,0.601418439716312,455,0.8700361010830325,0.4608030592734226,0.6025,523
5.0,0.0,0.0,0.0,0,0.0,0.0,0.0,0,0.0,0.0,0.0,0
6.0,0.0,0.0,0.0,0,0.0,0.0,0.0,0,0.0,0.0,0.0,0
macro avg,0.1935689645380716,0.11370920544421066,0.14251761506026892,5273,0.20092022263450834,0.11345404867760375,0.14498285402540723,586,0.18907492473943655,0.10935579418191751,0.1381408544726302,651
weighted avg,0.8085238565897186,0.4388393703773943,0.5675417257873213,5273,0.7832693586277203,0.4351535836177474,0.559400770664477,586,0.7881342434628771,0.43010752688172044,0.5557015447119457,651
0.0,0.47050359712230216,0.3343558282208589,0.3909145248057382,978,0.5584415584415584,0.3282442748091603,0.4134615384615385,131,0.45348837209302323,0.3046875,0.36448598130841126,128
1.0,0.0,0.0,0.0,0,0.0,0.0,0.0,0,0.0,0.0,0.0,0
2.0,0.0,0.0,0.0,0,0.0,0.0,0.0,0,0.0,0.0,0.0,0
3.0,0.0,0.0,0.0,0,0.0,0.0,0.0,0,0.0,0.0,0.0,0
4.0,0.8863636363636364,0.4630966239813737,0.6083499005964215,4295,0.848,0.46593406593406594,0.601418439716312,455,0.8700361010830325,0.4608030592734226,0.6025,523
5.0,0.0,0.0,0.0,0,0.0,0.0,0.0,0,0.0,0.0,0.0,0
6.0,0.0,0.0,0.0,0,0.0,0.0,0.0,0,0.0,0.0,0.0,0
macro avg,0.19383817621227692,0.11392177888603323,0.1427520607717371,5273,0.20092022263450834,0.11345404867760375,0.14498285402540723,586,0.18907492473943655,0.10935579418191751,0.1381408544726302,651
weighted avg,0.809232758613205,0.43921866110373603,0.568021473226179,5273,0.7832693586277203,0.4351535836177474,0.559400770664477,586,0.7881342434628771,0.43010752688172044,0.5557015447119457,651
0.0,0.47050359712230216,0.3319796954314721,0.3892857142857143,985,0.5584415584415584,0.3282442748091603,0.4134615384615385,131,0.45348837209302323,0.3046875,0.36448598130841126,128
1.0,0.0,0.0,0.0,0,0.0,0.0,0.0,0,0.0,0.0,0.0,0
2.0,0.0,0.0,0.0,0,0.0,0.0,0.0,0,0.0,0.0,0.0,0
3.0,0.0,0.0,0.0,0,0.0,0.0,0.0,0,0.0,0.0,0.0,0
4.0,0.8854723707664884,0.46338619402985076,0.608389467238212,4288,0.848,0.46593406593406594,0.601418439716312,455,0.8700361010830325,0.4608030592734226,0.6025,523
5.0,0.0,0.0,0.0,0,0.0,0.0,0.0,0,0.0,0.0,0.0,0
6.0,0.0,0.0,0.0,0,0.0,0.0,0.0,0,0.0,0.0,0.0,0
macro avg,0.19371085255554152,0.1136236984944747,0.14252502593198946,5273,0.20092022263450834,0.11345404867760375,0.14498285402540723,586,0.18907492473943655,0.10935579418191751,0.1381408544726302,651
weighted avg,0.8079559205409009,0.4388393703773943,0.5674607365994465,5273,0.7832693586277203,0.4351535836177474,0.559400770664477,586,0.7881342434628771,0.43010752688172044,0.5557015447119457,651
0.0,0.46906474820143884,0.33231396534148827,0.38902147971360385,981,0.5584415584415584,0.3282442748091603,0.4134615384615385,131,0.45348837209302323,0.3046875,0.36448598130841126,128
1.0,0.0,0.0,0.0,0,0.0,0.0,0.0,0,0.0,0.0,0.0,0
2.0,0.0,0.0,0.0,0,0.0,0.0,0.0,0,0.0,0.0,0.0,0
3.0,0.0,0.0,0.0,0,0.0,0.0,0.0,0,0.0,0.0,0.0,0
4.0,0.8854723707664884,0.4629543336439888,0.6080171358629132,4292,0.848,0.46593406593406594,0.601418439716312,455,0.8700361010830325,0.4608030592734226,0.6025,523
5.0,0.0,0.0,0.0,0,0.0,0.0,0.0,0,0.0,0.0,0.0,0
6.0,0.0,0.0,0.0,0,0.0,0.0,0.0,0,0.0,0.0,0.0,0
macro avg,0.19350530270970387,0.1136097569979253,0.14243408793950244,5273,0.20092022263450834,0.11345404867760375,0.14498285402540723,586,0.18907492473943655,0.10935579418191751,0.1381408544726302,651
weighted avg,0.8080030216793816,0.4386497250142234,0.5672747238237567,5273,0.7832693586277203,0.4351535836177474,0.559400770664477,586,0.7881342434628771,0.43010752688172044,0.5557015447119457,651
0.0,0.4676258992805755,0.3323108384458078,0.38852361028093246,978,0.5584415584415584,0.3282442748091603,0.4134615384615385,131,0.45348837209302323,0.3046875,0.36448598130841126,128
1.0,0.0,0.0,0.0,0,0.0,0.0,0.0,0,0.0,0.0,0.0,0
2.0,0.0,0.0,0.0,0,0.0,0.0,0.0,0,0.0,0.0,0.0,0
3.0,0.0,0.0,0.0,0,0.0,0.0,0.0,0,0.0,0.0,0.0,0
4.0,0.8850267379679144,0.46239813736903373,0.6074323291023092,4295,0.848,0.46593406593406594,0.601418439716312,455,0.8700361010830325,0.4608030592734226,0.6025,523
5.0,0.0,0.0,0.0,0,0.0,0.0,0.0,0,0.0,0.0,0.0,0
6.0,0.0,0.0,0.0,0,0.0,0.0,0.0,0,0.0,0.0,0.0,0
macro avg,0.19323609103549858,0.11352985368783451,0.14227941991189166,5273,0.20092022263450834,0.11345404867760375,0.14498285402540723,586,0.18907492473943655,0.10935579418191751,0.1381408544726302,651
weighted avg,0.8076100832673231,0.43827043428788165,0.5668306361367665,5273,0.7832693586277203,0.4351535836177474,0.559400770664477,586,0.7881342434628771,0.43010752688172044,0.5557015447119457,651
0.0,0.46906474820143884,0.3316378433367243,0.38855780691299163,983,0.5584415584415584,0.3282442748091603,0.4134615384615385,131,0.45348837209302323,0.3046875,0.36448598130841126,128
1.0,0.0,0.0,0.0,0,0.0,0.0,0.0,0,0.0,0.0,0.0,0
2.0,0.0,0.0,0.0,0,0.0,0.0,0.0,0,0.0,0.0,0.0,0
3.0,0.0,0.0,0.0,0,0.0,0.0,0.0,0,0.0,0.0,0.0,0
4.0,0.8845811051693404,0.4627039627039627,0.6075910621365167,4290,0.848,0.46593406593406594,0.601418439716312,455,0.8700361010830325,0.4608030592734226,0.6025,523
5.0,0.0,0.0,0.0,0,0.0,0.0,0.0,0,0.0,0.0,0.0,0
6.0,0.0,0.0,0.0,0,0.0,0.0,0.0,0,0.0,0.0,0.0,0
macro avg,0.19337797905296844,0.1134774008629553,0.1423069812927869,5273,0.20092022263450834,0.11345404867760375,0.14498285402540723,586,0.18907492473943655,0.10935579418191751,0.1381408544726302,651
weighted avg,0.807119967505876,0.43827043428788165,0.5667585778041205,5273,0.7832693586277203,0.4351535836177474,0.559400770664477,586,0.7881342434628771,0.43010752688172044,0.5557015447119457,651
0.0,0.47050359712230216,0.3329938900203666,0.38998211091234347,982,0.5584415584415584,0.3282442748091603,0.4134615384615385,131,0.45348837209302323,0.3046875,0.36448598130841126,128
1.0,0.0,0.0,0.0,0,0.0,0.0,0.0,0,0.0,0.0,0.0,0
2.0,0.0,0.0,0.0,0,0.0,0.0,0.0,0,0.0,0.0,0.0,0
3.0,0.0,0.0,0.0,0,0.0,0.0,0.0,0,0.0,0.0,0.0,0
4.0,0.8854723707664884,0.4630622232579818,0.6081101759755165,4291,0.848,0.46593406593406594,0.601418439716312,455,0.8700361010830325,0.4608030592734226,0.6025,523
5.0,0.0,0.0,0.0,0,0.0,0.0,0.0,0,0.0,0.0,0.0,0
6.0,0.0,0.0,0.0,0,0.0,0.0,0.0,0,0.0,0.0,0.0,0
macro avg,0.19371085255554152,0.11372230189690691,0.14258461241255144,5273,0.20092022263450834,0.11345404867760375,0.14498285402540723,586,0.18907492473943655,0.10935579418191751,0.1381408544726302,651
weighted avg,0.8081920112522478,0.4388393703773943,0.5674878054289518,5273,0.7832693586277203,0.4351535836177474,0.559400770664477,586,0.7881342434628771,0.43010752688172044,0.5557015447119457,651
0.0,0.4748201438848921,0.3363914373088685,0.3937947494033413,981,0.5584415584415584,0.3282442748091603,0.4134615384615385,131,0.45348837209302323,0.3046875,0.36448598130841126,128
1.0,0.0,0.0,0.0,0,0.0,0.0,0.0,0,0.0,0.0,0.0,0
2.0,0.0,0.0,0.0,0,0.0,0.0,0.0,0,0.0,0.0,0.0,0
3.0,0.0,0.0,0.0,0,0.0,0.0,0.0,0,0.0,0.0,0.0,0
4.0,0.8859180035650623,0.46318732525629075,0.6083231334149326,4292,0.848,0.46593406593406594,0.601418439716312,455,0.8700361010830325,0.4608030592734226,0.6025,523
5.0,0.0,0.0,0.0,0,0.0,0.0,0.0,0,0.0,0.0,0.0,0
6.0,0.0,0.0,0.0,0,0.0,0.0,0.0,0,0.0,0.0,0.0,0
macro avg,0.19439116392142206,0.11422553750930846,0.1431596975454677,5273,0.20092022263450834,0.11345404867760375,0.14498285402540723,586,0.18907492473943655,0.10935579418191751,0.1381408544726302,651
weighted avg,0.8094364939223074,0.43959795183007777,0.5684118220712248,5273,0.7832693586277203,0.4351535836177474,0.559400770664477,586,0.7881342434628771,0.43010752688172044,0.5557015447119457,651
0.0,0.4719424460431655,0.3350357507660878,0.3918757467144564,979,0.5584415584415584,0.3282442748091603,0.4134615384615385,131,0.45348837209302323,0.3046875,0.36448598130841126,128
1.0,0.0,0.0,0.0,0,0.0,0.0,0.0,0,0.0,0.0,0.0,0
2.0,0.0,0.0,0.0,0,0.0,0.0,0.0,0,0.0,0.0,0.0,0
3.0,0.0,0.0,0.0,0,0.0,0.0,0.0,0,0.0,0.0,0.0,0
4.0,0.8863636363636364,0.4632044713553796,0.608442948914041,4294,0.848,0.46593406593406594,0.601418439716312,455,0.8700361010830325,0.4608030592734226,0.6025,523
5.0,0.0,0.0,0.0,0,0.0,0.0,0.0,0,0.0,0.0,0.0,0
6.0,0.0,0.0,0.0,0,0.0,0.0,0.0,0,0.0,0.0,0.0,0
macro avg,0.19404372605811454,0.11403431744592393,0.14290267080407107,5273,0.20092022263450834,0.11345404867760375,0.14498285402540723,586,0.18907492473943655,0.10935579418191751,0.1381408544726302,651
weighted avg,0.8094210334196309,0.4394083064669069,0.5682344734819543,5273,0.7832693586277203,0.4351535836177474,0.559400770664477,586,0.7881342434628771,0.43010752688172044,0.5557015447119457,651
0.0,0.46906474820143884,0.3306288032454361,0.3878643664485425,986,0.5584415584415584,0.3282442748091603,0.4134615384615385,131,0.45348837209302323,0.3046875,0.36448598130841126,128
1.0,0.0,0.0,0.0,0,0.0,0.0,0.0,0,0.0,0.0,0.0,0
2.0,0.0,0.0,0.0,0,0.0,0.0,0.0,0,0.0,0.0,0.0,0
3.0,0.0,0.0,0.0,0,0.0,0.0,0.0,0,0.0,0.0,0.0,0
4.0,0.8850267379679144,0.4632610216934919,0.6081763895268719,4287,0.848,0.46593406593406594,0.601418439716312,455,0.8700361010830325,0.4608030592734226,0.6025,523
5.0,0.0,0.0,0.0,0,0.0,0.0,0.0,0,0.0,0.0,0.0,0
6.0,0.0,0.0,0.0,0,0.0,0.0,0.0,0,0.0,0.0,0.0,0
macro avg,0.19344164088133617,0.11341283213413257,0.14229153656791635,5273,0.20092022263450834,0.11345404867760375,0.14498285402540723,586,0.18907492473943655,0.10935579418191751,0.1381408544726302,651
weighted avg,0.8072458690299769,0.43846007965105255,0.5669801720500594,5273,0.7832693586277203,0.4351535836177474,0.559400770664477,586,0.7881342434628771,0.43010752688172044,0.5557015447119457,651
0.0,0.47338129496402875,0.3333333333333333,0.3912009512485136,987,0.5584415584415584,0.3282442748091603,0.4134615384615385,131,0.45348837209302323,0.3046875,0.36448598130841126,128
1.0,0.0,0.0,0.0,0,0.0,0.0,0.0,0,0.0,0.0,0.0,0
2.0,0.0,0.0,0.0,0,0.0,0.0,0.0,0,0.0,0.0,0.0,0
3.0,0.0,0.0,0.0,0,0.0,0.0,0.0,0,0.0,0.0,0.0,0
4.0,0.8850267379679144,0.46336910872608494,0.6082695252679939,4286,0.848,0.46593406593406594,0.601418439716312,455,0.8700361010830325,0.4608030592734226,0.6025,523
5.0,0.0,0.0,0.0,0,0.0,0.0,0.0,0,0.0,0.0,0.0,0
6.0,0.0,0.0,0.0,0,0.0,0.0,0.0,0,0.0,0.0,0.0,0
macro avg,0.19405829041884903,0.11381463457991689,0.14278149664521536,5273,0.20092022263450834,0.11345404867760375,0.14498285402540723,586,0.18907492473943655,0.10935579418191751,0.1381408544726302,651
weighted avg,0.807974954875778,0.43902901574056513,0.5676386353462745,5273,0.7832693586277203,0.4351535836177474,0.559400770664477,586,0.7881342434628771,0.43010752688172044,0.5557015447119457,651
0.0,0.4719424460431655,0.332657200811359,0.39024390243902446,986,0.5584415584415584,0.3282442748091603,0.4134615384615385,131,0.45348837209302323,0.3046875,0.36448598130841126,128
1.0,0.0,0.0,0.0,0,0.0,0.0,0.0,0,0.0,0.0,0.0,0
2.0,0.0,0.0,0.0,0,0.0,0.0,0.0,0,0.0,0.0,0.0,0
3.0,0.0,0.0,0.0,0,0.0,0.0,0.0,0,0.0,0.0,0.0,0
4.0,0.8850267379679144,0.4632610216934919,0.6081763895268719,4287,0.848,0.46593406593406594,0.601418439716312,455,0.8700361010830325,0.4608030592734226,0.6025,523
5.0,0.0,0.0,0.0,0,0.0,0.0,0.0,0,0.0,0.0,0.0,0
6.0,0.0,0.0,0.0,0,0.0,0.0,0.0,0,0.0,0.0,0.0,0
macro avg,0.19385274057301144,0.1137026032149787,0.14263147028084236,5273,0.20092022263450834,0.11345404867760375,0.14498285402540723,586,0.18907492473943655,0.10935579418191751,0.1381408544726302,651
weighted avg,0.807783970693535,0.4388393703773943,0.5674251222656131,5273,0.7832693586277203,0.4351535836177474,0.559400770664477,586,0.7881342434628771,0.43010752688172044,0.5557015447119457,651
0.0,0.47050359712230216,0.3326551373346897,0.38974970202622167,983,0.5584415584415584,0.3282442748091603,0.4134615384615385,131,0.45348837209302323,0.3046875,0.36448598130841126,128
1.0,0.0,0.0,0.0,0,0.0,0.0,0.0,0,0.0,0.0,0.0,0
2.0,0.0,0.0,0.0,0,0.0,0.0,0.0,0,0.0,0.0,0.0,0
3.0,0.0,0.0,0.0,0,0.0,0.0,0.0,0,0.0,0.0,0.0,0
4.0,0.8850267379679144,0.46293706293706294,0.6078971533516988,4290,0.848,0.46593406593406594,0.601418439716312,455,0.8700361010830325,0.4608030592734226,0.6025,523
5.0,0.0,0.0,0.0,0,0.0,0.0,0.0,0,0.0,0.0,0.0,0
6.0,0.0,0.0,0.0,0,0.0,0.0,0.0,0,0.0,0.0,0.0,0
macro avg,0.1936471907271738,0.11365602861025037,0.14252097933970292,5273,0.20092022263450834,0.11345404867760375,0.14498285402540723,586,0.18907492473943655,0.10935579418191751,0.1381408544726302,651
weighted avg,0.807750757036521,0.4386497250142234,0.567229801815013,5273,0.7832693586277203,0.4351535836177474,0.559400770664477,586,0.7881342434628771,0.43010752688172044,0.5557015447119457,651
0.0,0.47050359712230216,0.3326551373346897,0.38974970202622167,983,0.5584415584415584,0.3282442748091603,0.4134615384615385,131,0.45348837209302323,0.3046875,0.36448598130841126,128
1.0,0.0,0.0,0.0,0,0.0,0.0,0.0,0,0.0,0.0,0.0,0
2.0,0.0,0.0,0.0,0,0.0,0.0,0.0,0,0.0,0.0,0.0,0
3.0,0.0,0.0,0.0,0,0.0,0.0,0.0,0,0.0,0.0,0.0,0
4.0,0.8850267379679144,0.46293706293706294,0.6078971533516988,4290,0.848,0.46593406593406594,0.601418439716312,455,0.8700361010830325,0.4608030592734226,0.6025,523
5.0,0.0,0.0,0.0,0,0.0,0.0,0.0,0,0.0,0.0,0.0,0
6.0,0.0,0.0,0.0,0,0.0,0.0,0.0,0,0.0,0.0,0.0,0
macro avg,0.1936471907271738,0.11365602861025037,0.14252097933970292,5273,0.20092022263450834,0.11345404867760375,0.14498285402540723,586,0.18907492473943655,0.10935579418191751,0.1381408544726302,651
weighted avg,0.807750757036521,0.4386497250142234,0.567229801815013,5273,0.7832693586277203,0.4351535836177474,0.559400770664477,586,0.7881342434628771,0.43010752688172044,0.5557015447119457,651
0.0,0.46906474820143884,0.3313008130081301,0.38832638475282905,984,0.5584415584415584,0.3282442748091603,0.4134615384615385,131,0.45348837209302323,0.3046875,0.36448598130841126,128
1.0,0.0,0.0,0.0,0,0.0,0.0,0.0,0,0.0,0.0,0.0,0
2.0,0.0,0.0,0.0,0,0.0,0.0,0.0,0,0.0,0.0,0.0,0
3.0,0.0,0.0,0.0,0,0.0,0.0,0.0,0,0.0,0.0,0.0,0
4.0,0.8850267379679144,0.4630449988342271,0.6079902035818154,4289,0.848,0.46593406593406594,0.601418439716312,455,0.8700361010830325,0.4608030592734226,0.6025,523
5.0,0.0,0.0,0.0,0,0.0,0.0,0.0,0,0.0,0.0,0.0,0
6.0,0.0,0.0,0.0,0,0.0,0.0,0.0,0,0.0,0.0,0.0,0
macro avg,0.19344164088133617,0.11347797312033674,0.1423309411906635,5273,0.20092022263450834,0.11345404867760375,0.14498285402540723,586,0.18907492473943655,0.10935579418191751,0.1381408544726302,651
weighted avg,0.8074036395552059,0.43846007965105255,0.5669985104796492,5273,0.7832693586277203,0.4351535836177474,0.559400770664477,586,0.7881342434628771,0.43010752688172044,0.5557015447119457,651
0.0,0.47050359712230216,0.3316430020283976,0.38905413444378345,986,0.5584415584415584,0.3282442748091603,0.4134615384615385,131,0.45348837209302323,0.3046875,0.36448598130841126,128
1.0,0.0,0.0,0.0,0,0.0,0.0,0.0,0,0.0,0.0,0.0,0
2.0,0.0,0.0,0.0,0,0.0,0.0,0.0,0,0.0,0.0,0.0,0
3.0,0.0,0.0,0.0,0,0.0,0.0,0.0,0,0.0,0.0,0.0,0
4.0,0.8836898395721925,0.4625612316305108,0.6072576940744143,4287,0.848,0.46593406593406594,0.601418439716312,455,0.8700361010830325,0.4608030592734226,0.6025,523
5.0,0.0,0.0,0.0,0,0.0,0.0,0.0,0,0.0,0.0,0.0,0
6.0,0.0,0.0,0.0,0,0.0,0.0,0.0,0,0.0,0.0,0.0,0
macro avg,0.1934562052420707,0.11345774766555834,0.14233026121688538,5273,0.20092022263450834,0.11345404867760375,0.14498285402540723,586,0.18907492473943655,0.10935579418191751,0.1381408544726302,651
weighted avg,0.8064280085356683,0.4380807889247108,0.5664557388694452,5273,0.7832693586277203,0.4351535836177474,0.559400770664477,586,0.7881342434628771,0.43010752688172044,0.5557015447119457,651
0.0,0.46906474820143884,0.33096446700507615,0.38809523809523816,985,0.5584415584415584,0.3282442748091603,0.4134615384615385,131,0.45348837209302323,0.3046875,0.36448598130841126,128
1.0,0.0,0.0,0.0,0,0.0,0.0,0.0,0,0.0,0.0,0.0,0
2.0,0.0,0.0,0.0,0,0.0,0.0,0.0,0,0.0,0.0,0.0,0
3.0,0.0,0.0,0.0,0,0.0,0.0,0.0,0,0.0,0.0,0.0,0
4.0,0.8854723707664884,0.46338619402985076,0.608389467238212,4288,0.848,0.46593406593406594,0.601418439716312,455,0.8700361010830325,0.4608030592734226,0.6025,523
5.0,0.0,0.0,0.0,0,0.0,0.0,0.0,0,0.0,0.0,0.0,0
6.0,0.0,0.0,0.0,0,0.0,0.0,0.0,0,0.0,0.0,0.0,0
macro avg,0.19350530270970387,0.11347866586213241,0.1423549579047786,5273,0.20092022263450834,0.11345404867760375,0.14498285402540723,586,0.18907492473943655,0.10935579418191751,0.1381408544726302,651
weighted avg,0.8076871425801478,0.4386497250142234,0.5672383548342997,5273,0.7832693586277203,0.4351535836177474,0.559400770664477,586,0.7881342434628771,0.43010752688172044,0.5557015447119457,651
0.0,0.47338129496402875,0.3333333333333333,0.3912009512485136,987,0.5584415584415584,0.3282442748091603,0.4134615384615385,131,0.45348837209302323,0.3046875,0.36448598130841126,128
1.0,0.0,0.0,0.0,0,0.0,0.0,0.0,0,0.0,0.0,0.0,0
2.0,0.0,0.0,0.0,0,0.0,0.0,0.0,0,0.0,0.0,0.0,0
3.0,0.0,0.0,0.0,0,0.0,0.0,0.0,0,0.0,0.0,0.0,0
4.0,0.8850267379679144,0.46336910872608494,0.6082695252679939,4286,0.848,0.46593406593406594,0.601418439716312,455,0.8700361010830325,0.4608030592734226,0.6025,523
5.0,0.0,0.0,0.0,0,0.0,0.0,0.0,0,0.0,0.0,0.0,0
6.0,0.0,0.0,0.0,0,0.0,0.0,0.0,0,0.0,0.0,0.0,0
macro avg,0.19405829041884903,0.11381463457991689,0.14278149664521536,5273,0.20092022263450834,0.11345404867760375,0.14498285402540723,586,0.18907492473943655,0.10935579418191751,0.1381408544726302,651
weighted avg,0.807974954875778,0.43902901574056513,0.5676386353462745,5273,0.7832693586277203,0.4351535836177474,0.559400770664477,586,0.7881342434628771,0.43010752688172044,0.5557015447119457,651
0.0,0.4676258992805755,0.33028455284552843,0.3871351995235259,984,0.5584415584415584,0.3282442748091603,0.4134615384615385,131,0.45348837209302323,0.3046875,0.36448598130841126,128
1.0,0.0,0.0,0.0,0,0.0,0.0,0.0,0,0.0,0.0,0.0,0
2.0,0.0,0.0,0.0,0,0.0,0.0,0.0,0,0.0,0.0,0.0,0
3.0,0.0,0.0,0.0,0,0.0,0.0,0.0,0,0.0,0.0,0.0,0
4.0,0.8854723707664884,0.4632781534157146,0.6082963416500842,4289,0.848,0.46593406593406594,0.601418439716312,455,0.8700361010830325,0.4608030592734226,0.6025,523
5.0,0.0,0.0,0.0,0,0.0,0.0,0.0,0,0.0,0.0,0.0,0
6.0,0.0,0.0,0.0,0,0.0,0.0,0.0,0,0.0,0.0,0.0,0
macro avg,0.19329975286386628,0.11336610089446329,0.1422045058819443,5273,0.20092022263450834,0.11345404867760375,0.14498285402540723,586,0.18907492473943655,0.10935579418191751,0.1381408544726302,651
weighted avg,0.8074976072652295,0.43846007965105255,0.5670252314940946,5273,0.7832693586277203,0.4351535836177474,0.559400770664477,586,0.7881342434628771,0.43010752688172044,0.5557015447119457,651
0.0,0.46618705035971225,0.32926829268292684,0.38594401429422276,984,0.5584415584415584,0.3282442748091603,0.4134615384615385,131,0.45348837209302323,0.3046875,0.36448598130841126,128
1.0,0.0,0.0,0.0,0,0.0,0.0,0.0,0,0.0,0.0,0.0,0
2.0,0.0,0.0,0.0,0,0.0,0.0,0.0,0,0.0,0.0,0.0,0
3.0,0.0,0.0,0.0,0,0.0,0.0,0.0,0,0.0,0.0,0.0,0
4.0,0.8845811051693404,0.4628118442527396,0.6076840655135466,4289,0.848,0.46593406593406594,0.601418439716312,455,0.8700361010830325,0.4608030592734226,0.6025,523
5.0,0.0,0.0,0.0,0,0.0,0.0,0.0,0,0.0,0.0,0.0,0
6.0,0.0,0.0,0.0,0,0.0,0.0,0.0,0,0.0,0.0,0.0,0
macro avg,0.19296687936129325,0.11315430527652379,0.14194686854396704,5273,0.20092022263450834,0.11345404867760375,0.14498285402540723,586,0.18907492473943655,0.10935579418191751,0.1381408544726302,651
weighted avg,0.8065041565760018,0.4378911435615399,0.5663049245312187,5273,0.7832693586277203,0.4351535836177474,0.559400770664477,586,0.7881342434628771,0.43010752688172044,0.5557015447119457,651
0.0,0.4719424460431655,0.332994923857868,0.3904761904761905,985,0.5584415584415584,0.3282442748091603,0.4134615384615385,131,0.45348837209302323,0.3046875,0.36448598130841126,128
1.0,0.0,0.0,0.0,0,0.0,0.0,0.0,0,0.0,0.0,0.0,0
2.0,0.0,0.0,0.0,0,0.0,0.0,0.0,0,0.0,0.0,0.0,0
3.0,0.0,0.0,0.0,0,0.0,0.0,0.0,0,0.0,0.0,0.0,0
4.0,0.8845811051693404,0.462919776119403,0.6077770973668095,4288,0.848,0.46593406593406594,0.601418439716312,455,0.8700361010830325,0.4608030592734226,0.6025,523
5.0,0.0,0.0,0.0,0,0.0,0.0,0.0,0,0.0,0.0,0.0,0
6.0,0.0,0.0,0.0,0,0.0,0.0,0.0,0,0.0,0.0,0.0,0
macro avg,0.1937890787446437,0.113702099996753,0.14260761254899998,5273,0.20092022263450834,0.11345404867760375,0.14498285402540723,586,0.18907492473943655,0.10935579418191751,0.1381408544726302,651
weighted avg,0.8074999219265407,0.4386497250142234,0.567185139603248,5273,0.7832693586277203,0.4351535836177474,0.559400770664477,586,0.7881342434628771,0.43010752688172044,0.5557015447119457,651
0.0,0.47338129496402875,0.3333333333333333,0.3912009512485136,987,0.5584415584415584,0.3282442748091603,0.4134615384615385,131,0.45348837209302323,0.3046875,0.36448598130841126,128
1.0,0.0,0.0,0.0,0,0.0,0.0,0.0,0,0.0,0.0,0.0,0
2.0,0.0,0.0,0.0,0,0.0,0.0,0.0,0,0.0,0.0,0.0,0
3.0,0.0,0.0,0.0,0,0.0,0.0,0.0,0,0.0,0.0,0.0,0
4.0,0.8850267379679144,0.46336910872608494,0.6082695252679939,4286,0.848,0.46593406593406594,0.601418439716312,455,0.8700361010830325,0.4608030592734226,0.6025,523
5.0,0.0,0.0,0.0,0,0.0,0.0,0.0,0,0.0,0.0,0.0,0
6.0,0.0,0.0,0.0,0,0.0,0.0,0.0,0,0.0,0.0,0.0,0
macro avg,0.19405829041884903,0.11381463457991689,0.14278149664521536,5273,0.20092022263450834,0.11345404867760375,0.14498285402540723,586,0.18907492473943655,0.10935579418191751,0.1381408544726302,651
weighted avg,0.807974954875778,0.43902901574056513,0.5676386353462745,5273,0.7832693586277203,0.4351535836177474,0.559400770664477,586,0.7881342434628771,0.43010752688172044,0.5557015447119457,651
